id,gender
404,Jenter
1079,Gutter
5713,Gutter
17123,Gutter
19269,Gutter
21512,Jenter
24378,Gutter
30307,Gutter
31670,Jenter
36971,Gutter
44392,Jenter
44401,Jenter
45345,Jenter
47980,Gutter
48251,Gutter
48678,Jenter
50571,Gutter
50580,Jenter
52238,Jenter
54341,Jenter
54873,Gutter
56058,Gutter
57288,Jenter
57652,Gutter
60104,Gutter
61103,Gutter
61215,Jenter
63043,Gutter
69226,Jenter
69742,Gutter
70757,Gutter
739551,Jenter
739889,Jenter
741827,Jenter
741829,Jenter
10005924,Jenter
10011656,Jenter
10012889,Gutter
10035905,Jenter